Alimento (Comida / Bebida),Fruta (Fruto),Animal (Bicho),Ave (Pássaro),Mamífero,Artista,Grupo Musical (Banda),Cantores do Brasil,C.E.P. (Cidade-Estado-País),País (Território),Cidade do Brasil,Cidade dos Estados Unidos,Idioma (Língua / Dialeto),Moeda (Dinheiro),Cor (Tonalidade),Esporte (Desporto),Time (Clube de Futebol),Time do Brasil,Marca,Marca de Automóvel,Marca de Cachaça,Marca de Café,Marca de Refrigerante,Nome de Pessoa,Sobrenome,Objeto (Concreto),Partes do Corpo Humano,Personagem,Profissão (Ocupação),Especialidade (Área do Conhecimento),Desenho Animado,Filme,Filme do Brasil,Verbo,Elemento Químico,Fobia (Medo),Mineral
Água,Abacaxi,Anta,Andorinha,Alce,Angélica,ABBA,Anitta,Agudos,Argentina,Alegre,Adona,Alemão,Ariary,Azul,Atletismo,Arsenal,Atlético,Amafil,Audi,Atitude,Alvorada,Artemis,Alex,Alves,Abajur,Audição,Ariel,Arquiteto,Administração,Astro Boy,Amélia,Acquária,Amar,Alumínio,Afobia,Ametista
Bolo,Banana,Boto,Bandeirinha,Baleia,Bottelho,Blitz,Armandinho ,Amazonas,Brasil,Bandeira,Boston,Búlgaro,Bolivar,Branco,Basquetebol,Barcelona,Botafogo,Bombril,BMW,Boazinha,Brasileiro,Baré,Ana ,Barbosa,Boneca,Braço,Boitatá,Bombeiro,Botânica,Ben 10,Bruno,Besouro,Beber,Berílio,Biofobia,Blenda
Chocolate,Caju,Cavalo,Codorna,Cabra,Cazuza,Chicago,Bruna Karla,Angola ,Chile,Cantá,Chicago,Chinês,Coroa,Cinza,Corrida,Chelsea,Cruzeiro,Cral,Chevrolet,Cabaré,Cristal,Coca-Cola,Beatriz,Costa,Caneta,Cabeça,Cinderella,Caminhoneiro,Ciências,CatDog,Camilla,Carandiru,Cantar,Carbono,Criofobia,Cobre
Dendê,Damasco,Dromedário,Diuca,Doninha,Donatello,Detonautas,Byafra ,Braúna,Dominica,Divino,Dallas,Dinamarquês,Dólar,Dourado,Decatlo,Dínamo,Democrata,Danone,Dodge,Damió,Dragão,Del Rey,Bruno ,Dias,Diário,Dedo,Don Juan,Detetive,Desenho,Doug,Desejo,Desenrola,Dançar,Dúbnio,Dorafobia,Distena
Espinafre,Embaúba,Elefante,Ema,Esquilo,Eliana,Eagles,Cassiane,Bahia,Espanha,Esperança,Eureka,Espanhol,Euro,Escarlate,Esgrima,Estudiante,Estanciano,Eletrolux,Engesa,Evidência,Evolutto,Fanta,Carla,Esteves,Escada,Estômago,Emília,Engenheiro,Enfermagem,Evangelion,Elektra,Estranhos,Educar,Estanho,Eritofobia,Euxenita
Feijão,Figo,Furão,Flamingo,Foca,Fídias,Fresno,Chorão ,Butão ,Finlândia,Feliz,Filadélfia,Finlandês,Franco,Ferrugem,Futebol,Fiorentina,Flamengo,Ferrari,FIAT,Feliciana,Favorito,Guaranita,Carlos ,Ferreira,Faca,Face,Fausto,Ferreiro,Física,Futurama,Felicidade,Fulaninha,Falar,Fósforo,Fotofobia,Fenacite
Goiaba,Gravatá,Girafa,Garrincha,Gambá,Glória Maria,Genesis,Damares,Canela,Grécia,Gentil,Goodyear,Grego,Guarani,Grená,Ginástica,Genoa,Grêmio,Gillette,Gurgel,Granfina,Garoto,H2OH!,Dara,Gonçalves,Gaita,Garganta,Gavroche,Gerente,Geografia,Garfield,Gilda,Gabriela,Gostar,Germânio,Gatofobia,Grafite
Hobza,Heisteria,Hiena,Harpia,Hipopótamo,Hilda Hilst,Hibria,Daniel ,Colorado,Hungria,Harmonia,Honolulu,Holandês,Hryvnia,Herbal,Hipismo,Huracán,Horizonte,Havaianas,Honda,Havana,Haiti,It!,Diego ,Herrera,Harpa,Hormônio,Hércules,Historiador,História,He-Man,Hulk,Hoje,Herdar,Hélio,Heliofobia,Hialita
Iogurte,Ingá,Impala,Inhambu,Iaque,Irene Vilar,Ira!,Ed Motta,Colômbia ,Índia,Ipê,Indianápolis,Inglês,Iene,Índigo,Iatismo,Internazionale,Internacional,Isopor,Iveco,Isaura,Itaú,Jesus,Elias,Ibanez,Isqueiro,Intestino,Isabel,Ilustrador,Irrigação,Inspetor Bugiganga,Infiel,Iracema,Ingerir,Índio,Iofobia,Ilmenita
Jícama,Jatobá,Jumento,Jacu,Jaguar,John Graz,Journey,Elba Ramalho ,Dionísio,Japão,Jatobá,Jackson,Japonês,Kuna,Jasmim,Judô,Juventus,Juventude,Joma,Jeep,Juízo,Jandaia,Kuat,Eva ,Juarez,Jarra,Joelho,Jigsaw,Jardineiro,Jornalismo,Johnny Bravo,Jezebel,Jenipapo,Jogar,Potássio,Japanofobia,Jade
Kolache,Kabosu,Kudu,Lagarteiro,Kudu,Keith Haring,Kiss,Fafá de Belém,Delaware,Kiribati,Kaloré,Killen,Kirundi,Loti,Kiwi,Karate,Kashima Antlers,Kapital,Kappa,Kia,Katira,Kimimo,Leda,Fátima,Klein,Kunai,Lábios,Kakashi,Karateca,Letras,Kid vs. Kat,Kedma,Kenoma,Lavar,Lutécio,Katsaridafobia,Kobellita
Leite,Limão,Leão,Macuco,Lobo,Lísipo,Leela,Fagner ,Dinamarca ,Lesoto,Limoeiro,Lincoln,Latim,Metical,Laranja,Luta,Lazio,Luverdense,Lycra,Lamborghini,Luana,Lydia,Mineiro,Francisco ,Lopes,Lanterna,Mão,Lobisomem,Lenhador,Medicina,Luluzinha,Lilith,Lamarca,Morar,Mercúrio,Logofobia,Lazurita
Mandioca,Maçã,Morcego,Narceja,Macaco,Maria Graham,Metallica,Gal Costa,Encanto,Marrocos,Macieira,Miami,Mandarim,Ngultrum,Marrom,Maratona,Milan,Mixto,Miojo,Mitsubishi,Mulata,Melitta,Nativa,Gabriel,Martins,Martelo,Nariz,Madeline,Mecânico,Nutrição,Marsupilami,Malícia,Motel,Negar,Níquel,Mitofobia,Niobite
Nachos,Nêspera,Naja,Ógea,Nutria,Novalis,Natiruts,Gilberto Gil ,Espírito Santo,Nigéria,Natal,Nome,Norueguês,Ouguiya,Neve,Natação,Nacional,Náutico,Nintendo,Nissan,Nobre,Nordestino,Orangina,Geralda ,Nogueira,Navalha,Osso,Neck,Neurocirurgião,Odontologia,Naruto,Nosferatu,Nina,Olhar,Oxigênio,Neofobia,Opala
Orégano,Oxicoco,Ovelha,Perdiz,Onça,Otto Dix,Oasis,Heloisa Rosa,Equador ,Omã,Ouro,Orlando,Occitano,Peso,Ocre,Orientação,Once Caldas,Operário,Orient,Oldsmobile,Opinião,Orfeu,Pepsi,Helena,Oliveira,Óculos,Pele,Orik,Ombudsman,Psicologia,One Piece,Osama,Olga,Pensar,Polônio,Octofobia,Prata
Pudim,Pera,Pato,Quelea,Paca,Paulo Freire,Pollo,Hugo Pena ,Fartura,Portugal,Pescador,Plano,Português,Quetzal,Preto,Patinação,Porto,Palmeiras,Polo,Porsche,Pitú,Pilão,Qualitá,Henrique ,Pereira,Pente,Quadril,Pinóquio,Professor,Química,Pica-Pau,Pânico,Podecrer!,Quebrar,Rádio,Pirofobia,Quartzo
Quiabo,Quiuí,Quero-Quero,Rolinha,Quati,Qi Baishi,Queen,Ivan Lins,Flórida,Quênia,Quebrangulo,Quimby,Quirguiz,Real,Quartzo,Queimada,Querétaro,Quissamã,Q-Boa,Qvale,Quaty,Quentinho,Roller,Inácio,Quadros,Quadro,Rim,Quasimodo,Químico,Radiologia,Quarteto Fantástico,Quicksilver,Quilombo,Rir,Silício,Quilofobia,Rubi
Rúcula,Romã,Rinoceronte,Sabiá,Rato,Rui Barbosa,Restart,Ivete Sangalo ,França ,Rússia,Romaria,Reno,Russo,Som,Rosa,Rugby,Real Madrid,Remo,Racco,Renault,Relíquia,Rancheiro,Sprite,Iracema ,Ramos,Régua,Suor,Rapunzel,Relojoeiro,Sociologia,Riquinho,Robôs,Redentor,Ser,Túlio,Ritifobia,Sal
Suco,Sapoti,Sapo,Tuiuiú,Sagüi,Silvio Santos,Scorpions,João Bosco,Goiabeira,Suíça,Saúde,Salem,Sérvio,Taka,Salmão,Surfe,Sevilla,São Paulo,Samsung,Scania,Seleta,Sorriso,Taí,Joana,Silva,Sanfona,Tronco,She-Ra,Sapateiro,Teatro,Scooby-Doo,Sabrina,Senhora,Ter,Urânio,Sitiofobia,Talco
Torresmo,Tamarindo,Tamanduá,Urubu,Tatu,Tunga,Titãs,Joelma ,Goiás,Tunísia,Tefé,Tampa,Turco,Uguia,Turquesa,Tênis,Tijuana,Tupi,Toddy,Tata,Triunfo,Tropical,Uai,José ,Teixeira,Tesoura,Unha,Tarzan,Tapeceiro,Urbanismo,Tom e Jerry,Tentação,Tiradentes,Usar,Vanádio,Toxifobia,Ultramarina
Uvaia,Uva,Urutau,Vissiá,Urso,Ugo Foscolo,U2,Kamau,Gana ,Uganda,Una,Urbana,Ucraniano,Vatu,Urucum,Ultimate Frisbee,Universitario,Uberaba,Unilever,UMM,Urucuiana,Unaí,Vannucci,Karen,Ulhoa,Urinol,Veia,Ururau,Urologista,Virologia,Ultra Maniac,Ultimate X,Urutau,Ver,Tungstênio,Urofobia,Vivianite
Vieira,Veludo,Veado,Xexéu,Vaca,Voltaire,Viper,Kelly Key ,Harda,Vietnã,Valente,Vivian,Vietnamita,Won,Vermelho,Voleibol,Verona,Vasco da Gama,Viagra,Valtra,Vaidosa,Vascafé,Wewi,kleiton ,Vieira,Vassoura,Zigomático,Vickie,Vaqueiro,Xenobiologia,Vandread,Vírus,Verônica,Warrantar,Xenônio,Verbofobia,Willemite
Waffle,Wampi,Wombat,Zaragateiro,Zorrilho,William Kentridge,Warhorse,Leonardo,Havaí,Zimbábue,Wanderley,Williams,Wallisiano,Xelim,Xanadu,Wakeboard,Watford,Wenceslauense,Wilson,Wanderer,Werneck,Wenzel,Xamego,Laura,Wahnon,Webcam,,Wolverine,Ywyrájá,Zoologia,Will e Dewitt,Walesa,Wilsinho Galiléia,Xavecar,Ítrio,Xilofobia,Xisto
Xerém,Xixá,Xaréu,,,Xie Zhiliu,Xandria,Luka ,Haiti ,,Xaxim,Xenia,Xona,Yen,Zaffre,Xadrez,Xerez,Xanxerense,Xadrez,Yamaha,Xanadu,Xororo,Yas,Luciano ,Ximenes,Xícara,,Xuxu,Xaropeiro,,X-Men,Xanadu,Xingu,Zelar,Zinco,Zoofobia,Yttria
Yakisoba,Yuzu,Yak,,,Yves Klein,Yes,Michel Teló,Iconha,,Zacarias,Yuma,Yue,Zloty,,,Yokohama,Ypiranga,Ypê,Zastava,Ypióca,Zen,Zap,Marcos,Yacoub,Zabumba,,Yoda,,,Yu-Gi-Oh!,Zelig,Yndio do Brasil,,,,Zoisite
Zefati,Zitrone,Zebra,,,Ziraldo,Zero,Miúcha ,Indiana,,,Zebulon,Zulu,,,,Zamora,Zumbi,Zoomp,,Zanoni,,,Maria ,Zurita,,,Zé Colméia,,,Zé Colméia,,Zé do Periquito,,,,
,,,,,,,Negra Li,Itália ,,,,,,,,,,,,,,,Nara,,,,,,,,,,,,,
,,,,,,,Netinho ,Jangada,,,,,,,,,,,,,,,Nilton ,,,,,,,,,,,,,
,,,,,,,Olívia Hime,Jalisco,,,,,,,,,,,,,,,Odair,,,,,,,,,,,,,
,,,,,,,Ovelha ,Jordânia ,,,,,,,,,,,,,,,Olívia ,,,,,,,,,,,,,
,,,,,,,Peninha,Kohima,,,,,,,,,,,,,,,Paulo,,,,,,,,,,,,,
,,,,,,,Pitty ,Karnataka,,,,,,,,,,,,,,,Priscila ,,,,,,,,,,,,,
,,,,,,,Quelynah ,Kenya ,,,,,,,,,,,,,,,Queiroz,,,,,,,,,,,,,
,,,,,,,Rita Lee,Limoeiro,,,,,,,,,,,,,,,Quênia ,,,,,,,,,,,,,
,,,,,,,Roberto Carlos ,Lara,,,,,,,,,,,,,,,Rafael,,,,,,,,,,,,,
,,,,,,,Sérgio Reis,Laos ,,,,,,,,,,,,,,,Regina ,,,,,,,,,,,,,
,,,,,,,Simony ,Manga,,,,,,,,,,,,,,,Sandra,,,,,,,,,,,,,
,,,,,,,Tânia Mara,Minnesota,,,,,,,,,,,,,,,Sílvio ,,,,,,,,,,,,,
,,,,,,,Tom Jobim ,México ,,,,,,,,,,,,,,,Thaís,,,,,,,,,,,,,
,,,,,,,Ualas Baptista,Natal,,,,,,,,,,,,,,,Thiago ,,,,,,,,,,,,,
,,,,,,,Ursula Corona ,Nevada,,,,,,,,,,,,,,,Ubiratan,,,,,,,,,,,,,
,,,,,,,Vanusa,Noruega ,,,,,,,,,,,,,,,Úrsula ,,,,,,,,,,,,,
,,,,,,,Vinny ,Ouvidor,,,,,,,,,,,,,,,Vagner,,,,,,,,,,,,,
,,,,,,,Waldick Soriano,Oregon,,,,,,,,,,,,,,,Vitória ,,,,,,,,,,,,,
,,,,,,,Wanessa Camargo ,Omã ,,,,,,,,,,,,,,,Wanderlei,,,,,,,,,,,,,
,,,,,,,Xanddy,Palhoça,,,,,,,,,,,,,,,Wanessa ,,,,,,,,,,,,,
,,,,,,,Xuxa ,Paraíba,,,,,,,,,,,,,,,Xavier,,,,,,,,,,,,,
,,,,,,,Ylana Queiroga,Peru ,,,,,,,,,,,,,,,Xênia ,,,,,,,,,,,,,
,,,,,,,Yudi Tamashiro ,Queluz,,,,,,,,,,,,,,,Yago,,,,,,,,,,,,,
,,,,,,,Zé Ramalho,Quintana Roo,,,,,,,,,,,,,,,Yara ,,,,,,,,,,,,,
,,,,,,,Zizi Possi,Quirguistão ,,,,,,,,,,,,,,,Zacarias,,,,,,,,,,,,,
,,,,,,,,Registro,,,,,,,,,,,,,,,Zaíra,,,,,,,,,,,,,
,,,,,,,,Rondônia,,,,,,,,,,,,,,,,,,,,,,,,,,,,
,,,,,,,,Ruanda ,,,,,,,,,,,,,,,,,,,,,,,,,,,,
,,,,,,,,Saboeiro,,,,,,,,,,,,,,,,,,,,,,,,,,,,
,,,,,,,,Sergipe,,,,,,,,,,,,,,,,,,,,,,,,,,,,
,,,,,,,,Síria ,,,,,,,,,,,,,,,,,,,,,,,,,,,,
,,,,,,,,Tamboril,,,,,,,,,,,,,,,,,,,,,,,,,,,,
,,,,,,,,Tocantins,,,,,,,,,,,,,,,,,,,,,,,,,,,,
,,,,,,,,Tonga ,,,,,,,,,,,,,,,,,,,,,,,,,,,,
,,,,,,,,Umbuzeiro,,,,,,,,,,,,,,,,,,,,,,,,,,,,
,,,,,,,,Utah,,,,,,,,,,,,,,,,,,,,,,,,,,,,
,,,,,,,,Uruguai ,,,,,,,,,,,,,,,,,,,,,,,,,,,,
,,,,,,,,Vassouras,,,,,,,,,,,,,,,,,,,,,,,,,,,,
,,,,,,,,Virgínia,,,,,,,,,,,,,,,,,,,,,,,,,,,,
,,,,,,,,Venezuela ,,,,,,,,,,,,,,,,,,,,,,,,,,,,
,,,,,,,,Warangal,,,,,,,,,,,,,,,,,,,,,,,,,,,,
,,,,,,,,Wisconsin ,,,,,,,,,,,,,,,,,,,,,,,,,,,,
,,,,,,,,Xalapa ,,,,,,,,,,,,,,,,,,,,,,,,,,,,
,,,,,,,,Yuma,,,,,,,,,,,,,,,,,,,,,,,,,,,,
,,,,,,,,Yucatán ,,,,,,,,,,,,,,,,,,,,,,,,,,,,
,,,,,,,,Zabelê,,,,,,,,,,,,,,,,,,,,,,,,,,,,
,,,,,,,,Zamfara,,,,,,,,,,,,,,,,,,,,,,,,,,,,
,,,,,,,,Zâmbia,,,,,,,,,,,,,,,,,,,,,,,,,,,,
